epoch,train_loss,val_loss
43,0.16895600892119594,0.166152012084075
